<?xml version="1.0" encoding="UTF-8"?>
<project-private xmlns="http://www.netbeans.org/ns/project-private/1">
    <editor-bookmarks xmlns="http://www.netbeans.org/ns/editor-bookmarks/2" lastBookmarkId="0"/>
    <open-files xmlns="http://www.netbeans.org/ns/projectui-open-files/2">
        <group>
            <file>file:/C:/Users/User/Documents/NetBeansProjects/readFile/src/parser/Parser.java</file>
            <file>file:/C:/Users/User/Documents/NetBeansProjects/readFile/src/readfile/ReadFile.java</file>
            <file>file:/C:/Users/User/Documents/NetBeansProjects/readFile/src/readfile/tokenizer/TokenData.java</file>
            <file>file:/C:/Users/User/Documents/NetBeansProjects/readFile/src/readfile/tokenizer/Tokenizer.java</file>
            <file>file:/C:/Users/User/Documents/NetBeansProjects/readFile/src/readfile/tokenizer/TokenType.java</file>
        </group>
    </open-files>
</project-private>
